;cep;logradouro;complemento;unidade;bairro;localidade;uf;estado;regiao;ibge;gia;ddd;siafi
0;01519-000;Rua do Lavapés;;;Cambuci;São Paulo;SP;São Paulo;Sudeste;3550308;1004;11;7107
1;59129-130;Rua Ilha de São Paulo;;;Potengi;Natal;RN;Rio Grande do Norte;Nordeste;2408102;;84;1761
2;79902-526;Rua Itaquiraí;;;Coophafronteira;Ponta Porã;MS;Mato Grosso do Sul;Centro-Oeste;5006606;;67;9131
3;33863-045;Avenida Dionízia Gomes de Almeida;;;Residencial Porto Seguro;Ribeirão das Neves;MG;Minas Gerais;Sudeste;3154606;;31;5091
4;64000-905;Rua Eliseu Martins;2074;Edifício Raimundo Portela;Centro;Teresina;PI;Piauí;Nordeste;2211001;;86;1219
5;25953-233;Avenida Delfim Moreira;de 143 a 471 - lado ímpar;;Várzea;Teresópolis;RJ;Rio de Janeiro;Sudeste;3305802;;21;5915
6;58705-315;Rua Antônio Félix de Lima;;;Sete Casas;Patos;PB;Paraíba;Nordeste;2510808;;83;2117
7;58705-315;Rua Antônio Félix de Lima;;;Sete Casas;Patos;PB;Paraíba;Nordeste;2510808;;83;2117
8;59145-550;Rua Antônio Bezerra Neto;;;Passagem de Areia;Parnamirim;RN;Rio Grande do Norte;Nordeste;2403251;;84;1779
9;69915-816;Rua Juruá;;;Portal da Amazônia;Rio Branco;AC;Acre;Norte;1200401;;68;0139
10;93222-095;Rua Porto Lucena;;;Vargas;Sapucaia do Sul;RS;Rio Grande do Sul;Sul;4320008;;51;8901
